{"cameraMode":{"drawMode":0,"name":"Shaded","section":"Shading Mode"},"sceneLighting":true,"audioPlay":false,"sceneViewState":{"m_AlwaysRefresh":false,"showFog":true,"showSkybox":true,"showFlares":true,"showImageEffects":true,"showParticleSystems":true,"showVisualEffectGraphs":true,"m_FxEnabled":true},"in2DMode":false,"pivot":{"x":410.1559753417969,"y":178.63290405273438,"z":407.9158020019531},"rotation":{"x":-0.016227051615715028,"y":0.9070632457733154,"z":-0.41918501257896426,"w":-0.03512720763683319},"size":11.600748062133789,"orthographic":false}